{
  "token_acc": 0.9859169756,
  "token_p": 0.9530830451,
  "token_r": 0.9572374635,
  "token_f": 0.955155737,
  "sents_p": 0.9067129104,
  "sents_r": 0.814850418,
  "sents_f": 0.8583307763,
  "speed": 66611.8225358225
}
